-- ============================================
-- V3__add_test_data.sql (简化版)
-- 大学生竞赛管理系统 - 测试数据初始化脚本
-- ============================================
-- 说明：由于完整数据量较大，此脚本添加基础真实数据
--       后续可通过系统界面继续添加更多数据
-- ============================================

SET NAMES utf8mb4;
SET FOREIGN_KEY_CHECKS = 0;

-- ============================================
-- 1. 班级类型数据（补充）
-- ============================================
INSERT INTO `banjileixing` (`leixing`, `addtime`) VALUES 
('本科一批', NOW()),
('本科二批', NOW()),
('高职专科', NOW());

-- ============================================
-- 2. 学生数据（10 条精选）
-- ============================================
INSERT INTO `xuesheng` (`xuehao`, `mima`, `xueshengxingming`, `xingbie`, `xueyuanmingcheng`, `banji`, `shouji`, `youxiang`, `zhaopian`, `role`, `addtime`) VALUES
('2022001', '$2a$10$7JBqT6KfFZZqF6ZqF6ZqF6ZqF6ZqF6ZqF6ZqF6ZqF6ZqF6ZqF6ZqF', '张伟', '男', '计算机学院', '计算机科学与技术 2201 班', '13800138001', '2022001@school.edu.cn', 'upload/student_001.jpg', '学生', NOW()),
('2022002', '$2a$10$7JBqT6KfFZZqF6ZqF6ZqF6ZqF6ZqF6ZqF6ZqF6ZqF6ZqF6ZqF6ZqF', '李娜', '女', '计算机学院', '计算机科学与技术 2201 班', '13800138002', '2022002@school.edu.cn', 'upload/student_002.jpg', '学生', NOW()),
('2022003', '$2a$10$7JBqT6KfFZZqF6ZqF6ZqF6ZqF6ZqF6ZqF6ZqF6ZqF6ZqF6ZqF6ZqF', '王强', '男', '计算机学院', '软件工程 2201 班', '13800138003', '2022003@school.edu.cn', 'upload/student_003.jpg', '学生', NOW()),
('2022004', '$2a$10$7JBqT6KfFZZqF6ZqF6ZqF6ZqF6ZqF6ZqF6ZqF6ZqF6ZqF6ZqF6ZqF', '刘芳', '女', '软件学院', '数字媒体技术 2201 班', '13800138004', '2022004@school.edu.cn', 'upload/student_004.jpg', '学生', NOW()),
('2022005', '$2a$10$7JBqT6KfFZZqF6ZqF6ZqF6ZqF6ZqF6ZqF6ZqF6ZqF6ZqF6ZqF6ZqF', '陈杰', '男', '信息学院', '电子信息工程 2201 班', '13800138005', '2022005@school.edu.cn', 'upload/student_005.jpg', '学生', NOW()),
('2022006', '$2a$10$7JBqT6KfFZZqF6ZqF6ZqF6ZqF6ZqF6ZqF6ZqF6ZqF6ZqF6ZqF6ZqF', '杨敏', '女', '电子工程学院', '电子科学与技术 2201 班', '13800138006', '2022006@school.edu.cn', 'upload/student_006.jpg', '学生', NOW()),
('2022007', '$2a$10$7JBqT6KfFZZqF6ZqF6ZqF6ZqF6ZqF6ZqF6ZqF6ZqF6ZqF6ZqF6ZqF', '赵磊', '男', '管理学院', '信息管理 2201 班', '13800138007', '2022007@school.edu.cn', 'upload/student_007.jpg', '学生', NOW()),
('2022008', '$2a$10$7JBqT6KfFZZqF6ZqF6ZqF6ZqF6ZqF6ZqF6ZqF6ZqF6ZqF6ZqF6ZqF', '孙丽', '女', '艺术学院', '数字媒体艺术 2201 班', '13800138008', '2022008@school.edu.cn', 'upload/student_008.jpg', '学生', NOW()),
('2022009', '$2a$10$7JBqT6KfFZZqF6ZqF6ZqF6ZqF6ZqF6ZqF6ZqF6ZqF6ZqF6ZqF6ZqF', '周杰', '男', '数学与统计学院', '数学与应用数学 2201 班', '13800138009', '2022009@school.edu.cn', 'upload/student_009.jpg', '学生', NOW()),
('2022010', '$2a$10$7JBqT6KfFZZqF6ZqF6ZqF6ZqF6ZqF6ZqF6ZqF6ZqF6ZqF6ZqF6ZqF', '吴婷', '女', '物理学院', '应用物理学 2201 班', '13800138010', '2022010@school.edu.cn', 'upload/student_010.jpg', '学生', NOW());

-- ============================================
-- 3. 教师数据（10 条精选）
-- ============================================
INSERT INTO `jiaoshi` (`gonghao`, `mima`, `jiaoshixingming`, `xingbie`, `xueyuanmingcheng`, `zhicheng`, `shouji`, `youxiang`, `zhaopian`, `role`, `addtime`) VALUES
('T2022001', '$2a$10$7JBqT6KfFZZqF6ZqF6ZqF6ZqF6ZqF6ZqF6ZqF6ZqF6ZqF6ZqF6ZqF', '赵建国', '男', '计算机学院', '教授', '13900139001', 'zhaojianguo@school.edu.cn', 'upload/teacher_001.jpg', '教师', NOW()),
('T2022002', '$2a$10$7JBqT6KfFZZqF6ZqF6ZqF6ZqF6ZqF6ZqF6ZqF6ZqF6ZqF6ZqF6ZqF', '钱晓敏', '女', '计算机学院', '副教授', '13900139002', 'qianxiaomin@school.edu.cn', 'upload/teacher_002.jpg', '教师', NOW()),
('T2022003', '$2a$10$7JBqT6KfFZZqF6ZqF6ZqF6ZqF6ZqF6ZqF6ZqF6ZqF6ZqF6ZqF6ZqF', '孙志强', '男', '软件学院', '讲师', '13900139003', 'sunzhiqiang@school.edu.cn', 'upload/teacher_003.jpg', '教师', NOW()),
('T2022004', '$2a$10$7JBqT6KfFZZqF6ZqF6ZqF6ZqF6ZqF6ZqF6ZqF6ZqF6ZqF6ZqF6ZqF', '李晓红', '女', '信息学院', '副教授', '13900139004', 'lixiaohong@school.edu.cn', 'upload/teacher_004.jpg', '教师', NOW()),
('T2022005', '$2a$10$7JBqT6KfFZZqF6ZqF6ZqF6ZqF6ZqF6ZqF6ZqF6ZqF6ZqF6ZqF6ZqF', '周伟', '男', '电子工程学院', '教授', '13900139005', 'zhouwei@school.edu.cn', 'upload/teacher_005.jpg', '教师', NOW()),
('T2022006', '$2a$10$7JBqT6KfFZZqF6ZqF6ZqF6ZqF6ZqF6ZqF6ZqF6ZqF6ZqF6ZqF6ZqF', '吴芳', '女', '管理学院', '讲师', '13900139006', 'wufang@school.edu.cn', 'upload/teacher_006.jpg', '教师', NOW()),
('T2022007', '$2a$10$7JBqT6KfFZZqF6ZqF6ZqF6ZqF6ZqF6ZqF6ZqF6ZqF6ZqF6ZqF6ZqF', '郑建华', '男', '艺术学院', '副教授', '13900139007', 'zhengjianhua@school.edu.cn', 'upload/teacher_007.jpg', '教师', NOW()),
('T2022008', '$2a$10$7JBqT6KfFZZqF6ZqF6ZqF6ZqF6ZqF6ZqF6ZqF6ZqF6ZqF6ZqF6ZqF', '冯涛', '男', '数学与统计学院', '教授', '13900139008', 'fengtao@school.edu.cn', 'upload/teacher_008.jpg', '教师', NOW()),
('T2022009', '$2a$10$7JBqT6KfFZZqF6ZqF6ZqF6ZqF6ZqF6ZqF6ZqF6ZqF6ZqF6ZqF6ZqF', '陈静', '女', '物理学院', '副教授', '13900139009', 'chenjing@school.edu.cn', 'upload/teacher_009.jpg', '教师', NOW()),
('T2022010', '$2a$10$7JBqT6KfFZZqF6ZqF6ZqF6ZqF6ZqF6ZqF6ZqF6ZqF6ZqF6ZqF6ZqF', '褚卫', '男', '化学学院', '讲师', '13900139010', 'chuwei@school.edu.cn', 'upload/teacher_010.jpg', '教师', NOW());

-- ============================================
-- 4. 竞赛信息数据（15 条精选）
-- ============================================
INSERT INTO `jingsaixinxi` (`jingsaimingcheng`, `jingsaileixing`, `jingsaididian`, `jingsaiguize`, `jingsaijiangli`, `jingsaishijian`, `moshi`, `fengmiantupian`, `gonghao`, `jiaoshixingming`, `addtime`) VALUES
('全国大学生程序设计竞赛 (ACM-ICPC)', '学科竞赛', '计算机学院实验楼 301', '个人赛，限时 5 小时，完成 10-12 道算法题目', '一等奖 3 名（奖金 5000 元 + 证书），二等奖 6 名（奖金 3000 元 + 证书），三等奖 10 名（奖金 1000 元 + 证书）', '2026-04-15 09:00:00', '个人赛', 'upload/contest_001.jpg', 'T2022001', '赵建国', NOW()),
('全国大学生数学建模竞赛', '学科竞赛', '第一教学楼 201-205', '3 人组队，72 小时内完成一道数学建模题目并提交论文', '一等奖 5 队（奖金 8000 元/队 + 证书），二等奖 10 队（奖金 5000 元/队 + 证书），三等奖 15 队（奖金 2000 元/队 + 证书）', '2026-05-20 08:00:00', '团队赛', 'upload/contest_002.jpg', 'T2022008', '冯涛', NOW()),
('全国大学生英语竞赛', '学科竞赛', '外国语学院报告厅', '笔试 + 口试，总分 150 分', '特等奖 1 名（奖金 10000 元 + 证书），一等奖 5 名（奖金 5000 元 + 证书），二等奖 10 名（奖金 3000 元 + 证书），三等奖 20 名（奖金 1000 元 + 证书）', '2026-06-10 14:00:00', '个人赛', 'upload/contest_003.jpg', 'T2022002', '钱晓敏', NOW()),
('全国大学生电子设计竞赛', '学科竞赛', '电子工程学院实验室', '4 人组队，4 天 3 夜完成电子产品设计与制作', '一等奖 3 队（奖金 10000 元/队 + 证书），二等奖 6 队（奖金 6000 元/队 + 证书），三等奖 10 队（奖金 3000 元/队 + 证书）', '2026-07-05 09:00:00', '团队赛', 'upload/contest_004.jpg', 'T2022005', '周伟', NOW()),
('中国国际"互联网+"大学生创新创业大赛', '创新创业', '大学生活动中心', '提交商业计划书 + 路演答辩，评委打分', '金奖 3 队（奖金 20000 元/队 + 证书），银奖 6 队（奖金 10000 元/队 + 证书），铜奖 10 队（奖金 5000 元/队 + 证书）', '2026-05-25 09:00:00', '团队赛', 'upload/contest_005.jpg', 'T2022006', '吴芳', NOW()),
('"挑战杯"全国大学生课外学术科技作品竞赛', '创新创业', '学术交流中心', '提交学术论文或科技作品，现场答辩', '特等奖 1 队（奖金 30000 元 + 证书），一等奖 3 队（奖金 15000 元 + 证书），二等奖 6 队（奖金 8000 元/队 + 证书），三等奖 10 队（奖金 3000 元 + 证书）', '2026-06-20 09:00:00', '团队赛', 'upload/contest_006.jpg', 'T2022001', '赵建国', NOW()),
('全国大学生智能汽车竞赛', '科技创新', '工程实训中心 A 馆', '设计制作智能汽车，完成指定赛道', '一等奖 3 队（奖金 10000 元/队 + 证书），二等奖 6 队（奖金 6000 元/队 + 证书），三等奖 10 队（奖金 3000 元/队 + 证书）', '2026-06-01 09:00:00', '团队赛', 'upload/contest_007.jpg', 'T2022010', '褚卫', NOW()),
('全国大学生物联网设计竞赛', '科技创新', '计算机学院机房', '设计物联网应用系统，现场演示', '一等奖 5 队（奖金 8000 元/队 + 证书），二等奖 10 队（奖金 5000 元/队 + 证书），三等奖 15 队（奖金 2000 元/队 + 证书）', '2026-05-10 09:00:00', '团队赛', 'upload/contest_008.jpg', 'T2022003', '孙志强', NOW()),
('全国大学生人工智能创新大赛', '科技创新', '人工智能实验室', 'AI 模型设计与应用，现场答辩', '一等奖 3 队（奖金 15000 元/队 + 证书），二等奖 6 队（奖金 8000 元/队 + 证书），三等奖 10 队（奖金 4000 元/队 + 证书）', '2026-07-15 09:00:00', '团队赛', 'upload/contest_009.jpg', 'T2022001', '赵建国', NOW()),
('全国大学生广告艺术大赛', '艺术设计', '艺术学院展厅', '平面广告、视频广告、动画等类别', '一等奖 5 名（奖金 8000 元 + 证书），二等奖 10 名（奖金 5000 元 + 证书），三等奖 20 名（奖金 2000 元 + 证书）', '2026-05-15 09:00:00', '个人赛', 'upload/contest_010.jpg', 'T2022007', '郑建华', NOW()),
('全国大学生数字媒体科技作品竞赛', '艺术设计', '数字媒体实验室', '交互设计、游戏设计、VR/AR 作品', '一等奖 3 队（奖金 10000 元/队 + 证书），二等奖 6 队（奖金 6000 元/队 + 证书），三等奖 10 队（奖金 3000 元/队 + 证书）', '2026-06-05 09:00:00', '团队赛', 'upload/contest_011.jpg', 'T2022003', '孙志强', NOW()),
('校运会', '体育竞技', '学校体育场', '田径项目比赛', '各项目前三名颁发奖牌 + 证书，破纪录者额外奖励', '2026-04-20 08:00:00', '个人赛', 'upload/contest_012.jpg', 'T2022009', '陈静', NOW()),
('校园篮球联赛', '体育竞技', '篮球场', '5v5 全场篮球比赛', '冠军 1 队（奖杯 + 证书 + 奖金 5000 元），亚军 1 队（证书 + 奖金 3000 元），季军 1 队（证书 + 奖金 2000 元）', '2026-05-01 14:00:00', '团队赛', 'upload/contest_013.jpg', 'T2022009', '陈静', NOW()),
('校园歌手大赛', '文艺表演', '大学生活动中心礼堂', '演唱歌曲，评委打分 + 观众投票', '冠军 1 名（奖金 10000 元 + 奖杯），亚军 1 名（奖金 6000 元 + 证书），季军 1 名（奖金 4000 元 + 证书），十佳歌手奖 10 名', '2026-05-30 19:00:00', '个人赛', 'upload/contest_014.jpg', 'T2022004', '李晓红', NOW()),
('辩论赛', '语言表达', '学术交流中心报告厅', '4v4 辩论，主题抽签', '冠军队 1 队（奖杯 + 证书 + 奖金 5000 元），亚军队 1 队（证书 + 奖金 3000 元），最佳辩手 1 名（证书 + 奖金 1000 元）', '2026-06-08 14:00:00', '团队赛', 'upload/contest_015.jpg', 'T2022002', '钱晓敏', NOW());

-- ============================================
-- 5. 竞赛报名数据（30 条）
-- ============================================
INSERT INTO `jingsaibaoming` (`gonghao`, `jiaoshixingming`, `jingsaimingcheng`, `jingsaileixing`, `cansaileixing`, `cansairenyuan`, `cansaizuopin`, `cansaixuanyan`, `shenqingriqi`, `xuehao`, `xueshengxingming`, `sfsh`, `shhf`, `ispay`, `addtime`) VALUES
('T2022001', '赵建国', '全国大学生程序设计竞赛 (ACM-ICPC)', '学科竞赛', '个人赛', '张伟', '无', '追求卓越，挑战自我！', '2026-03-01', '2022001', '张伟', '是', '审核通过，请按时参赛', '是', NOW()),
('T2022008', '冯涛', '全国大学生数学建模竞赛', '学科竞赛', '团队赛', '张伟、李娜、王强', '数学建模在交通优化中的应用', '用数学解决实际问题！', '2026-03-05', '2022001', '张伟', '是', '审核通过，请认真准备', '是', NOW()),
('T2022002', '钱晓敏', '全国大学生英语竞赛', '学科竞赛', '个人赛', '李娜', '无', 'English is my passion!', '2026-03-02', '2022002', '李娜', '是', '审核通过，祝取得好成绩', '是', NOW()),
('T2022001', '赵建国', '"挑战杯"全国大学生课外学术科技作品竞赛', '创新创业', '团队赛', '张伟、刘芳、陈杰', '基于 AI 的图像识别系统', '科技创新，服务社会！', '2026-03-10', '2022001', '张伟', '是', '审核通过，项目很有创意', '是', NOW()),
('T2022001', '赵建国', '全国大学生程序设计竞赛 (ACM-ICPC)', '学科竞赛', '个人赛', '王强', '无', '代码改变世界！', '2026-03-01', '2022003', '王强', '是', '审核通过', '是', NOW()),
('T2022005', '周伟', '全国大学生电子设计竞赛', '学科竞赛', '团队赛', '王强、赵磊、周杰', '智能温控系统设计', '精益求精，追求卓越！', '2026-03-12', '2022003', '王强', '是', '审核通过', '是', NOW()),
('T2022002', '钱晓敏', '全国大学生英语竞赛', '学科竞赛', '个人赛', '刘芳', '无', '相信自己，我能行！', '2026-03-03', '2022004', '刘芳', '是', '审核通过', '是', NOW()),
('T2022007', '郑建华', '全国大学生广告艺术大赛', '艺术设计', '个人赛', '刘芳', '环保主题平面广告《绿色未来》', '用设计传递环保理念', '2026-03-08', '2022004', '刘芳', '是', '审核通过，作品很有创意', '是', NOW()),
('T2022001', '赵建国', '全国大学生程序设计竞赛 (ACM-ICPC)', '学科竞赛', '个人赛', '陈杰', '无', '算法之路，永不止步！', '2026-03-01', '2022005', '陈杰', '是', '审核通过', '是', NOW()),
('T2022010', '褚卫', '全国大学生智能汽车竞赛', '科技创新', '团队赛', '陈杰、沈涛、董建', '基于视觉识别的智能小车', '速度与激情的完美结合！', '2026-03-18', '2022005', '陈杰', '是', '审核通过', '是', NOW()),
('T2022003', '孙志强', '全国大学生物联网设计竞赛', '科技创新', '团队赛', '杨敏、冯雪、蒋琳', '智能家居控制系统', '让家更聪明！', '2026-03-06', '2022006', '杨敏', '是', '审核通过', '是', NOW()),
('T2022007', '郑建华', '全国大学生广告艺术大赛', '艺术设计', '个人赛', '杨敏', '校园文化系列海报设计', '设计美好生活！', '2026-03-09', '2022006', '杨敏', '是', '审核通过', '是', NOW()),
('T2022001', '赵建国', '全国大学生程序设计竞赛 (ACM-ICPC)', '学科竞赛', '个人赛', '赵磊', '无', '编程使我快乐！', '2026-03-01', '2022007', '赵磊', '是', '审核通过', '是', NOW()),
('T2022005', '周伟', '全国大学生电子设计竞赛', '学科竞赛', '团队赛', '王强、赵磊、周杰', '智能温控系统设计', '团结协作，勇攀高峰！', '2026-03-12', '2022007', '赵磊', '是', '审核通过', '是', NOW()),
('T2022009', '陈静', '校园篮球联赛', '体育竞技', '团队赛', '赵磊、周杰、吴婷、郑浩、何军', '计算机学院篮球队', '友谊第一，比赛第二！', '2026-03-20', '2022007', '赵磊', '是', '审核通过', '是', NOW()),
('T2022002', '钱晓敏', '全国大学生英语竞赛', '学科竞赛', '个人赛', '孙丽', '无', '越努力，越幸运！', '2026-03-03', '2022008', '孙丽', '是', '审核通过', '是', NOW()),
('T2022003', '孙志强', '全国大学生数字媒体科技作品竞赛', '艺术设计', '团队赛', '孙丽、韩梅、杨梅', 'VR 校园导览系统', '科技与文化融合！', '2026-03-11', '2022008', '孙丽', '是', '审核通过', '是', NOW()),
('T2022004', '李晓红', '校园歌手大赛', '文艺表演', '个人赛', '孙丽', '曲目：《我和我的祖国》', '用歌声赞美祖国！', '2026-03-15', '2022008', '孙丽', '是', '审核通过，期待你的精彩表现', '是', NOW()),
('T2022001', '赵建国', '全国大学生程序设计竞赛 (ACM-ICPC)', '学科竞赛', '个人赛', '周杰', '无', '代码如诗，算法如画！', '2026-03-01', '2022009', '周杰', '是', '审核通过', '是', NOW()),
('T2022005', '周伟', '全国大学生电子设计竞赛', '学科竞赛', '团队赛', '王强、赵磊、周杰', '智能温控系统设计', '细节决定成败！', '2026-03-12', '2022009', '周杰', '是', '审核通过', '是', NOW()),
('T2022009', '陈静', '校园篮球联赛', '体育竞技', '团队赛', '赵磊、周杰、吴婷、郑浩、何军', '计算机学院篮球队', '拼搏进取，永不言弃！', '2026-03-20', '2022009', '周杰', '是', '审核通过', '是', NOW()),
('T2022008', '冯涛', '全国大学生数学建模竞赛', '学科竞赛', '团队赛', '吴婷、袁慧、谢莹', '基于大数据的疫情预测模型', '数据驱动决策！', '2026-03-07', '2022010', '吴婷', '是', '审核通过', '是', NOW()),
('T2022009', '陈静', '校园篮球联赛', '体育竞技', '团队赛', '赵磊、周杰、吴婷、郑浩、何军', '计算机学院篮球队', '团结就是力量！', '2026-03-20', '2022010', '吴婷', '是', '审核通过', '是', NOW()),
('T2022003', '孙志强', '全国大学生物联网设计竞赛', '科技创新', '团队赛', '郑浩、沈涛、田宇', '基于深度学习的路径规划', '创新驱动发展！', '2026-03-13', '2022011', '郑浩', '是', '审核通过', '是', NOW()),
('T2022003', '孙志强', '全国大学生物联网设计竞赛', '科技创新', '团队赛', '杨敏、冯雪、蒋琳', '智能家居控制系统', '智能生活，从家开始！', '2026-03-06', '2022012', '冯雪', '是', '审核通过', '是', NOW()),
('T2022007', '郑建华', '全国大学生广告艺术大赛', '艺术设计', '个人赛', '冯雪', '动态海报《四季变换》', '用动画展现时间之美', '2026-03-09', '2022012', '冯雪', '是', '审核通过', '是', NOW()),
('T2022010', '褚卫', '全国大学生智能汽车竞赛', '科技创新', '团队赛', '陈杰、沈涛、董建', '基于视觉识别的智能小车', '智慧出行，从我做起！', '2026-03-18', '2022013', '沈涛', '是', '审核通过', '是', NOW()),
('T2022003', '孙志强', '全国大学生物联网设计竞赛', '科技创新', '团队赛', '杨敏、冯雪、蒋琳', '智能家居控制系统', '物联天下，智造未来！', '2026-03-06', '2022014', '蒋琳', '是', '审核通过', '是', NOW()),
('T2022001', '赵建国', '全国大学生人工智能创新大赛', '科技创新', '团队赛', '张伟、王强、陈杰', '基于深度学习的医疗影像诊断', 'AI 赋能医疗，科技守护健康！', '2026-03-20', '2022001', '张伟', '是', '审核通过，项目前景很好', '是', NOW()),
('T2022006', '吴芳', '中国国际"互联网+"大学生创新创业大赛', '创新创业', '团队赛', '李娜、刘芳、孙丽', '校园二手交易平台', '绿色环保，资源共享！', '2026-03-15', '2022002', '李娜', '是', '审核通过，商业模式清晰', '是', NOW());

-- ============================================
-- 6. 作品打分数据（20 条）
-- ============================================
INSERT INTO `zuopindafen` (`xuehao`, `xueshengxingming`, `jingsaimingcheng`, `jingsaileixing`, `zuopinpingfen`, `pingjianeirong`, `pingjiashijian`, `gonghao`, `jiaoshixingming`, `addtime`) VALUES
('2022001', '张伟', '全国大学生程序设计竞赛 (ACM-ICPC)', '学科竞赛', 92, '算法思路清晰，代码规范，性能优秀。展现了扎实的编程功底和问题解决能力。', '2026-04-16', 'T2022001', '赵建国', NOW()),
('2022001', '张伟', '全国大学生数学建模竞赛', '学科竞赛', 88, '模型建立合理，数据分析充分，论文结构完整。团队协作良好。', '2026-05-23', 'T2022008', '冯涛', NOW()),
('2022002', '李娜', '全国大学生英语竞赛', '学科竞赛', 95, '发音标准，表达流畅，逻辑思维清晰。口语和笔试均表现优异。', '2026-06-11', 'T2022002', '钱晓敏', NOW()),
('2022001', '张伟', '"挑战杯"全国大学生课外学术科技作品竞赛', '创新创业', 90, '创新性强，技术实现完善，具有良好的应用前景。团队配合默契。', '2026-06-21', 'T2022001', '赵建国', NOW()),
('2022003', '王强', '全国大学生程序设计竞赛 (ACM-ICPC)', '学科竞赛', 85, '解题速度较快，代码质量高。建议在复杂算法上继续加强。', '2026-04-16', 'T2022001', '赵建国', NOW()),
('2022003', '王强', '全国大学生电子设计竞赛', '学科竞赛', 89, '电路设计合理，功能完善，稳定性好。体现了较强的实践能力。', '2026-07-09', 'T2022005', '周伟', NOW()),
('2022004', '刘芳', '全国大学生英语竞赛', '学科竞赛', 87, '语法准确，词汇丰富，表达自然。继续保持英语学习热情。', '2026-06-11', 'T2022002', '钱晓敏', NOW()),
('2022004', '刘芳', '全国大学生广告艺术大赛', '艺术设计', 91, '创意独特，视觉效果出色，主题表达明确。具有很好的设计潜力。', '2026-05-16', 'T2022007', '郑建华', NOW()),
('2022005', '陈杰', '全国大学生程序设计竞赛 (ACM-ICPC)', '学科竞赛', 83, '基础扎实，解题方法正确。建议多参加实践提升经验。', '2026-04-16', 'T2022001', '赵建国', NOW()),
('2022005', '陈杰', '全国大学生智能汽车竞赛', '科技创新', 88, '控制算法新颖，小车运行稳定，完成度高。团队合作良好。', '2026-06-02', 'T2022010', '褚卫', NOW()),
('2022006', '杨敏', '全国大学生物联网设计竞赛', '科技创新', 90, '系统架构合理，功能实用，界面友好。具有很好的用户体验。', '2026-05-11', 'T2022003', '孙志强', NOW()),
('2022006', '杨敏', '全国大学生广告艺术大赛', '艺术设计', 86, '色彩搭配协调，构图精美，主题突出。继续提升创意思维。', '2026-05-16', 'T2022007', '郑建华', NOW()),
('2022007', '赵磊', '全国大学生程序设计竞赛 (ACM-ICPC)', '学科竞赛', 81, '代码规范，逻辑清晰。建议在算法优化方面多下功夫。', '2026-04-16', 'T2022001', '赵建国', NOW()),
('2022007', '赵磊', '全国大学生电子设计竞赛', '学科竞赛', 87, '硬件焊接精细，调试充分，功能达到预期。实践能力较强。', '2026-07-09', 'T2022005', '周伟', NOW()),
('2022008', '孙丽', '全国大学生英语竞赛', '学科竞赛', 89, '听力理解准确，口语表达流利，综合素质良好。', '2026-06-11', 'T2022002', '钱晓敏', NOW()),
('2022008', '孙丽', '全国大学生数字媒体科技作品竞赛', '艺术设计', 93, '交互设计巧妙，技术实现完善，用户体验优秀。具有很高的创新价值。', '2026-06-06', 'T2022003', '孙志强', NOW()),
('2022009', '周杰', '全国大学生程序设计竞赛 (ACM-ICPC)', '学科竞赛', 86, '解题思路清晰，代码效率高。建议加强数据结构应用。', '2026-04-16', 'T2022001', '赵建国', NOW()),
('2022009', '周杰', '全国大学生电子设计竞赛', '学科竞赛', 88, '系统稳定性好，功能完整，文档规范。团队协作能力强。', '2026-07-09', 'T2022005', '周伟', NOW()),
('2022010', '吴婷', '全国大学生数学建模竞赛', '学科竞赛', 85, '模型假设合理，求解方法正确，结果分析到位。', '2026-05-23', 'T2022008', '冯涛', NOW()),
('2022001', '张伟', '全国大学生人工智能创新大赛', '科技创新', 94, '算法创新性强，准确率高，应用价值大。具有很高的研究水平和应用能力。', '2026-07-16', 'T2022001', '赵建国', NOW());

SET FOREIGN_KEY_CHECKS = 1;

-- ============================================
-- 数据生成完成
-- ============================================
-- 数据统计：
-- - 班级类型：+3 条
-- - 学生：10 条
-- - 教师：10 条
-- - 竞赛信息：15 条
-- - 竞赛报名：30 条
-- - 作品打分：20 条
-- 
-- 提示：登录后可通过系统界面继续添加更多数据
-- ============================================
